Gene Index Number,Frequency
2333,167
2346,166
2336,163
2544,163
2363,162
2414,162
2330,160
2410,160
2374,160
2340,158
2384,157
2439,156
2371,156
2353,156
2825,156
2417,155
2794,155
2309,154
2311,154
2312,154
2315,154
2321,154
2324,154
2263,153
2634,153
2310,152
2317,152
2319,152
2334,152
2521,152
2356,151
2341,150
2313,150
2435,148
2921,147
2446,147
2594,145
2459,144
2328,144
2466,144
2568,144
2723,142
3200,141
2462,141
2655,139
2288,139
3144,138
2901,138
2644,137
2646,137
2667,137
2668,137
2670,137
2415,136
2893,134
2659,134
2713,134
3140,133
2682,132
2551,132
2553,132
2834,131
2660,131
2421,130
2380,129
2877,129
2936,129
2985,129
3158,128
2571,128
3262,128
3270,128
3277,128
3279,128
3282,128
2289,127
2616,127
2162,126
2141,126
2253,125
2132,125
2151,125
2152,125
2153,125
2358,125
2699,125
2189,125
2224,125
2230,125
2821,125
2654,125
2565,125
2687,124
3036,124
2372,123
2678,123
2689,122
3143,122
2365,122
2512,122
2917,122
3353,122
2486,121
2888,121
2993,121
3524,121
3009,121
2676,120
3255,120
3296,120
3305,120
3308,120
3312,120
3315,120
2742,119
2640,119
2827,119
2150,119
2155,119
2156,119
2157,119
2610,118
2484,118
2249,117
3032,117
3048,117
3377,117
2265,117
2603,117
2080,116
2154,116
3475,116
3746,116
3424,116
3012,116
2727,115
2600,115
2784,115
3199,115
3095,115
3342,114
3418,114
2666,114
2705,114
2774,114
3219,114
2945,113
2871,113
3103,113
3074,113
2802,113
2925,113
2681,112
2930,112
2572,112
2954,112
3215,111
2148,111
3107,110
3110,110
3111,110
3124,110
3179,110
3188,110
3595,110
3049,110
2963,110
2120,109
2898,109
2724,109
2574,108
2690,108
2984,108
3261,108
3329,108
3348,108
2226,108
3045,108
2845,108
3849,108
2810,107
3544,107
3073,107
3396,107
3116,107
3070,107
2929,107
2949,107
3038,107
3047,107
3054,107
3129,106
3135,106
3138,106
3145,106
3147,106
3191,106
3194,106
3250,106
2770,106
2812,106
2589,106
2885,106
2890,106
2897,106
2902,106
2739,105
2806,105
2737,105
2803,104
2913,104
3114,104
3040,104
3242,104
2882,104
2953,103
2621,103
2238,103
2765,103
2981,103
2418,103
3075,103
3115,103
3133,103
3181,102
3178,102
2820,102
3076,102
2872,102
2957,102
3185,102
3532,101
3541,101
3632,101
2715,101
2717,101
3007,101
3291,101
2613,100
3676,100
2895,100
3226,100
3119,99
3149,99
2726,99
2391,99
3090,99
3567,99
3367,99
2854,98
3214,98
2581,98
3378,98
3062,98
2042,97
2819,97
2940,97
3030,97
2532,96
2754,96
3594,96
2210,96
2212,96
2213,96
2886,96
2878,95
2596,95
2795,95
3349,95
2914,95
2798,95
2779,94
2055,94
2269,94
2411,93
2627,93
3084,93
3320,93
3326,93
2800,93
3521,93
3534,93
3737,93
2797,93
2481,93
3744,93
2608,93
2880,93
2597,92
2980,92
2291,92
3298,92
3411,92
2849,92
2584,92
2966,92
3237,92
3243,92
3670,91
2830,91
3233,91
2379,91
2576,91
2697,91
2472,90
2607,90
2475,90
3041,90
3441,90
2369,90
3148,90
3899,89
2679,89
3168,89
2823,89
2075,89
2100,89
3170,89
3646,89
2400,89
2847,89
3404,88
3414,88
3432,88
3447,88
3451,88
2663,88
2760,88
2909,88
2103,88
2725,88
2732,88
3117,88
3825,88
2582,88
2585,88
3513,88
3555,88
2967,88
3506,88
2216,87
3366,87
3472,87
2123,87
3568,87
3689,87
3615,87
4400,87
2457,87
3212,87
2824,87
3410,87
3597,87
2169,86
2348,86
2350,86
2351,86
3468,86
2010,86
3156,86
2387,86
3328,86
3419,86
3333,86
2903,86
2904,86
2905,86
2908,86
2910,86
3463,85
2811,85
3507,85
3431,85
3572,85
3058,85
3126,85
3368,85
3612,84
2393,84
2049,84
3370,84
3469,84
3380,84
3383,84
3388,84
3394,84
3397,84
3405,84
3406,84
3407,84
3409,84
3412,84
3416,84
2612,83
2614,83
2420,83
2734,83
2787,83
2826,83
3491,83
3501,83
2892,83
3515,83
2995,83
3611,83
3487,83
2343,83
3596,83
3610,83
2879,83
3484,82
2757,82
3244,82
3486,82
2619,82
2620,82
3112,82
3205,82
3222,82
2924,82
3948,82
3106,82
2455,81
3123,81
3662,81
3360,81
2268,81
3873,81
3225,81
3470,81
3694,81
3697,81
2397,81
2404,81
2409,81
3503,81
3482,81
2286,80
3078,80
3134,80
2922,80
2977,80
2982,80
2983,80
3382,80
3462,80
2076,80
2077,80
2099,80
2131,80
2751,80
2943,80
3934,80
2489,79
2592,79
3442,79
3554,79
3421,79
3514,79
3719,79
4154,79
2412,79
3301,79
2708,78
2848,78
2236,78
3294,78
3437,78
3440,78
2392,78
2394,78
2395,78
2575,78
3104,78
3566,78
3021,78
3046,78
2942,77
2245,77
3531,77
3692,77
3800,77
2428,77
2437,77
3347,77
3434,77
3498,77
3508,77
3142,77
2763,76
3473,76
3314,76
3402,76
3582,76
3548,76
3550,76
3558,76
2548,76
2631,76
2783,76
2786,76
2788,76
2791,76
2792,76
2799,76
3910,76
3841,76
3202,76
3369,76
3393,76
3395,76
3427,76
3564,76
3569,76
3574,76
2636,76
3379,76
2816,75
2829,75
3163,75
3629,75
3448,75
3728,75
3336,75
2602,74
3727,74
2272,74
3274,74
3316,74
3400,74
3444,74
3003,73
3649,73
3241,73
2500,73
3878,73
4063,73
2990,72
3489,72
3631,72
3522,72
2201,72
3673,72
2188,72
3284,72
2650,72
3500,72
3872,72
3782,72
2813,71
2870,71
2707,71
3865,71
2285,71
2856,71
2426,71
2434,71
3620,71
3465,71
4015,71
3536,70
3553,70
1958,70
2424,70
3456,70
3750,70
3751,70
3946,70
4420,70
2741,70
2927,70
3591,70
2355,69
2587,69
3708,69
3113,69
3660,69
3941,69
3916,69
3932,69
4234,69
3599,69
3318,68
2101,68
3497,68
3445,68
2835,68
3340,68
3812,68
3918,68
3006,68
4108,68
3476,68
4169,68
2433,68
3576,67
2399,67
2401,67
2728,66
2274,66
3943,66
3802,66
3906,66
3540,66
4634,66
2939,66
3289,66
3304,66
3561,66
3947,66
3840,66
2833,65
2817,65
2700,65
3299,65
2692,65
3287,64
3797,64
3504,64
3535,64
2547,64
4047,64
4069,64
4075,64
4076,64
4081,64
4082,64
4083,64
4094,64
4107,64
4112,64
4114,64
3739,64
3887,64
3230,64
3557,64
3810,64
3174,63
3146,63
3868,63
3302,63
3052,63
1969,62
2240,62
3855,62
4173,62
3847,62
4055,62
4137,62
2377,62
4131,62
3796,62
3109,62
3234,62
2083,61
3474,61
3017,61
3196,61
3268,61
3674,61
3618,61
2956,60
3306,60
3944,60
3496,60
3923,60
3997,60
3526,60
5066,60
4062,60
2875,60
3490,60
3520,60
2441,60
4122,60
3015,59
3051,59
3753,59
3979,59
2491,59
3935,59
3589,58
3732,58
4127,58
4275,58
4210,58
3870,58
4318,58
2440,58
2625,58
3066,58
3551,57
2106,57
2308,57
3793,57
3866,57
3867,57
3883,57
3886,57
3891,57
3545,57
4462,57
3239,57
3240,57
3945,57
2465,56
3331,56
3229,56
3678,56
4161,56
3175,56
3375,56
2447,56
2322,56
3055,56
3757,56
2195,56
2332,56
3588,56
2161,55
2923,55
3069,55
3077,55
3907,55
3509,55
3885,55
4144,55
3067,55
2674,55
3922,55
3940,55
2718,55
4014,55
2781,55
2793,55
3721,55
3587,54
3730,54
3908,54
4174,54
2143,54
2711,54
4116,54
3698,54
4237,54
3718,54
3223,54
4668,54
2536,53
4049,53
3292,53
3832,53
3836,53
3838,53
3845,53
4448,53
3560,53
3643,53
3523,53
3429,53
3667,53
3723,52
3197,52
2926,52
3251,52
3961,52
4621,52
3452,52
4236,52
4747,52
3492,52
3026,52
2171,52
3927,52
4654,52
4655,52
4656,52
4657,52
4658,52
4659,52
4660,52
4661,52
4662,52
4664,52
4665,52
4666,52
4667,52
4671,52
4672,52
4673,52
4674,52
4675,52
4676,52
4678,52
4679,52
4680,52
4681,52
4682,52
4683,52
4684,52
4685,52
4686,52
4687,52
4692,52
4694,52
4695,52
4696,52
4697,52
4698,52
4699,52
4702,52
4704,52
4705,52
4706,52
4707,52
4708,52
4709,52
4710,52
4711,52
4712,52
4714,52
4715,52
4716,52
4717,52
4720,52
4721,52
4722,52
4723,52
4724,52
4725,52
4726,52
4727,52
4728,52
4729,52
4730,52
4731,52
4732,52
4733,52
4734,52
4735,52
4736,52
4738,52
4739,52
4740,52
4741,52
4742,52
4745,52
4746,52
4748,52
4749,52
4750,52
4751,52
4752,52
4753,52
4756,52
4759,52
4761,52
4763,52
4765,52
4766,52
4767,52
4768,52
4770,52
4785,52
4787,52
4788,52
4789,52
4791,52
4792,52
4793,52
4795,52
4796,52
4797,52
4798,52
4800,52
4801,52
4804,52
4805,52
4807,52
4808,52
4809,52
4810,52
4812,52
4813,52
4815,52
4816,52
4817,52
4818,52
4819,52
4820,52
4821,52
4824,52
4825,52
4827,52
4828,52
4830,52
4832,52
4846,52
4848,52
2894,51
3603,51
3798,51
2693,51
3699,51
1988,51
3345,51
3477,51
3208,51
3467,51
3478,51
4644,51
3159,51
3900,51
3972,51
4647,51
3679,50
2072,50
2277,50
2601,50
2604,50
3389,50
2493,50
2502,50
3671,50
3834,50
3705,50
4499,50
4620,50
3609,50
4130,50
4393,50
4434,50
2950,50
3666,50
2570,50
2881,50
3533,49
4203,49
2672,49
4483,49
3888,49
3210,49
3741,49
4022,49
3495,49
3821,49
3930,49
3267,49
4263,49
4264,49
4265,49
4284,49
3966,49
2970,48
2554,48
3657,48
2352,48
1995,48
2041,48
2088,48
2089,48
2316,48
2320,48
2378,48
3516,48
4149,48
4196,48
3386,48
3772,48
4519,48
4522,48
4407,48
4408,48
4551,48
4406,48
3457,48
3258,48
3443,48
3450,48
3704,48
4494,48
2839,48
3295,48
4302,48
4285,48
2561,47
2978,47
2989,47
3085,47
2769,47
2941,47
3724,47
4452,47
4513,47
3785,47
3659,47
2740,47
4390,47
3911,47
3122,46
2566,46
2971,46
2496,46
2509,46
2538,46
2633,46
2683,46
2688,46
3938,46
3882,46
4294,46
3238,46
3246,46
3605,46
3101,46
4038,46
3025,46
3072,46
3086,46
3087,46
3089,46
3091,46
3092,46
3093,46
3094,46
3096,46
3099,46
3100,46
4778,46
4779,46
4829,46
4860,46
4872,46
3830,46
2701,45
3105,45
4491,45
4392,45
2085,45
2086,45
2398,45
4187,45
4316,45
4323,45
2037,45
3701,45
3702,45
3706,45
3735,45
3778,45
3579,45
4180,45
3011,44
1950,44
2026,44
2097,44
2109,44
2194,44
2209,44
2220,44
2223,44
2237,44
2243,44
2246,44
2257,44
2260,44
2278,44
2281,44
2282,44
2335,44
2339,44
2368,44
2458,44
2460,44
2469,44
2470,44
2473,44
2543,44
2591,44
2599,44
2662,44
2685,44
2719,44
2837,44
2843,44
3276,44
3288,44
3795,44
3466,44
4178,44
3213,44
3297,44
3664,44
3752,44
3981,44
3420,44
3425,44
3446,44
3499,44
3980,44
3874,44
3879,44
3884,44
3889,44
4259,44
3894,44
3317,44
4028,44
4032,44
4338,44
2889,44
2121,44
2342,44
2731,44
2733,44
2736,44
2850,44
2883,44
3018,44
3167,44
3177,44
3232,44
3319,44
3356,44
3053,43
3278,43
4224,43
3221,43
3322,43
3325,43
3327,43
3334,43
3338,43
3341,43
3343,43
3344,43
3346,43
3352,43
3729,43
3835,43
4043,43
3685,43
3763,43
3132,43
2510,43
3004,43
3184,43
2563,43
2657,42
1990,42
4205,42
3361,42
4168,42
2461,42
4306,42
3403,42
4405,42
4389,42
4006,42
4054,42
5516,42
2818,42
4719,42
3363,42
3970,42
3976,42
3982,42
4001,42
2915,42
2643,41
3547,41
2027,41
4881,41
2777,41
4026,41
4129,41
4133,41
4172,41
3877,41
3265,41
3690,41
3511,41
3207,41
2776,41
3102,41
3614,40
3627,40
2623,40
2637,40
2250,40
4397,40
4009,40
4020,40
3806,40
3681,40
4858,40
5077,40
5221,40
3988,40
3687,40
4197,40
3977,40
2046,40
2087,40
2105,40
2116,40
2137,40
2173,40
2211,40
2214,40
2215,40
2217,40
2244,40
2292,40
2323,40
2386,40
2388,40
2425,40
2429,40
2442,40
2444,40
2450,40
2451,40
2531,40
2645,40
2680,40
2686,40
2694,40
2706,40
2712,40
2722,40
2899,40
2932,40
2934,40
2935,40
2937,40
2944,40
2988,40
3081,40
3128,40
3235,40
3285,40
3311,40
4213,40
4220,40
4221,40
4255,40
4261,40
4266,40
4267,40
4270,40
4273,40
4276,40
4283,40
3999,40
4215,40
3118,40
3774,39
3799,39
4962,39
2869,39
4183,39
4689,39
3529,39
5014,39
5029,39
2325,39
3332,39
4296,39
4101,39
4460,39
4853,39
3131,39
2560,38
3337,38
3186,38
3461,38
3850,38
4803,38
5635,38
5797,38
3480,38
3563,38
4538,38
3633,38
3008,38
4182,38
2573,38
5131,38
5477,38
5532,38
5071,38
4598,38
4391,38
3711,38
3837,38
3703,38
3731,38
2452,37
3097,37
2626,37
2635,37
3762,37
4298,37
4342,37
3749,37
2807,37
4119,37
3917,37
4385,37
4670,37
3853,37
3401,37
4044,37
3892,37
3904,37
2445,36
4357,36
2884,36
2938,36
3607,36
3613,36
3625,36
3630,36
3844,36
4313,36
3775,36
3578,36
4540,36
3060,36
3738,36
3248,36
4160,36
4181,36
4201,36
4209,36
4277,36
4421,36
4744,36
4754,36
4755,36
4757,36
4760,36
4831,36
4835,36
4837,36
4840,36
5416,35
4124,35
4315,35
4025,35
3638,35
4592,35
5177,35
3929,35
4777,35
4335,35
3833,35
3890,35
3964,35
4324,35
4380,35
3374,34
2517,34
2251,34
2122,34
2390,34
2402,34
3973,34
4422,34
3330,34
4480,34
5270,34
4010,34
3827,34
3787,34
2221,33
3028,33
3303,33
4117,33
4549,33
4625,33
3438,33
3044,33
4363,33
3559,33
3913,33
3281,32
4395,32
4305,32
2999,32
4911,32
2656,32
4398,31
3454,31
4430,31
3811,31
4320,31
3590,31
4450,31
3807,31
3905,31
3700,31
3848,31
4146,31
4327,31
4459,31
4585,31
3269,30
1418,30
1764,30
1765,30
1766,30
1767,30
1779,30
1788,30
1794,30
1809,30
1810,30
1811,30
1812,30
1815,30
1824,30
1827,30
1833,30
1836,30
2039,30
2050,30
2542,30
4419,30
4431,30
4615,30
2979,30
4300,30
4333,30
5104,30
3788,30
3937,30
4558,30
4575,30
4849,30
6420,30
4293,30
3828,30
5045,30
4388,30
5608,30
4282,30
4444,30
4446,30
4595,30
4616,30
4132,30
2545,30
4843,30
5118,30
3831,30
4227,30
4279,30
4280,30
4445,30
2716,30
3373,30
3942,30
4437,30
4774,30
4019,30
4425,30
4474,30
3734,30
2578,29
4304,29
4361,29
5087,29
4256,29
4842,29
4155,29
3677,29
4031,29
3236,29
3384,29
1911,28
1938,28
2013,28
2219,28
2744,28
3998,28
5472,28
5484,28
3211,28
2290,28
4382,28
4447,28
4618,28
4743,28
3975,28
4200,28
4207,28
4218,28
4250,28
3459,28
4035,28
4074,28
4118,28
4153,28
4855,28
4875,28
4932,28
4942,28
4943,28
4955,28
4971,28
5001,28
5057,28
5085,28
5097,28
5178,28
5209,28
5217,28
4125,28
3714,28
4170,28
2721,27
3517,27
1872,27
3994,27
4100,27
4219,27
3449,27
3537,27
5291,27
3481,27
3653,27
5059,27
4713,27
3575,27
5073,26
3224,26
4190,26
3584,26
3252,26
4841,26
4626,26
3651,26
5261,26
5514,26
6117,26
6118,26
6991,26
7026,26
7144,26
7290,26
8045,26
2479,26
3039,26
3813,26
3814,26
3815,26
3824,26
3839,26
3843,26
4562,26
4564,26
4865,26
4873,26
4899,26
4915,26
4940,26
4946,26
4969,26
5037,26
5061,26
5068,26
5076,26
5105,26
5108,26
5230,26
2958,26
5047,26
5312,26
5325,26
5343,26
5354,26
5355,26
5356,26
5364,26
5425,26
5523,26
5650,26
5654,26
5668,26
5679,26
5710,26
5730,26
3725,26
4426,26
4427,26
5395,26
3439,25
2873,25
4195,25
4253,25
4944,25
3108,25
4885,25
4345,25
3675,25
4301,25
4319,25
4328,25
4341,25
4343,25
4352,25
4353,25
4355,25
4358,25
4435,25
2327,25
3856,25
4238,25
4243,25
4311,25
3408,24
3585,24
3264,24
3324,24
3488,24
3359,24
1992,24
4329,24
4413,24
5232,24
6171,24
6226,24
6522,24
11460,24
3736,24
3860,24
4508,24
4194,24
5151,24
4142,24
4164,24
5009,24
5344,24
3206,24
3542,24
3570,24
4239,24
4240,24
2994,24
3519,24
3453,23
4847,23
3858,23
4473,23
4432,23
4889,23
2206,23
2801,23
2809,23
3656,23
3661,23
4436,23
4439,23
4005,23
4596,23
4411,23
4412,23
3157,22
3696,22
4977,22
5113,22
3471,22
3955,22
4544,22
4945,22
6038,22
5306,22
5499,22
5522,22
5597,22
5606,22
5610,22
5615,22
5739,22
5750,22
5339,22
5341,22
5342,22
5418,22
5421,22
5423,22
5445,22
5463,22
5478,22
5529,22
4586,22
5244,22
4365,22
4429,22
4979,22
5046,22
5699,22
5717,22
7052,22
5266,22
3709,22
3581,22
3636,22
2331,22
2552,22
2562,22
2569,22
3254,22
2535,22
4344,22
4349,22
4859,22
4896,22
5153,22
3663,21
4418,21
5089,21
5101,21
5125,21
5128,21
5129,21
5150,21
5160,21
5167,21
5431,21
5544,21
5578,21
5583,21
5594,21
5595,21
5953,21
3951,21
2874,21
4191,21
4272,21
4925,21
5459,21
5480,21
5566,21
4449,21
4249,21
4036,21
4375,21
3726,20
3417,20
977,20
1277,20
1361,20
1524,20
1610,20
1658,20
1682,20
1746,20
1817,20
1883,20
1951,20
1966,20
2069,20
2124,20
2396,20
2557,20
4138,20
4572,20
5282,20
2287,20
2720,20
4151,20
4166,20
2695,19
3136,19
4526,19
4260,19
4468,19
4826,19
4850,19
2454,19
4923,19
5407,19
3203,18
3381,18
3530,18
3669,18
1876,18
2234,18
4916,18
4587,18
4851,18
5036,18
4291,18
4970,18
3817,18
4520,18
4533,18
4542,18
4649,18
4663,18
4701,18
4869,18
4870,18
4880,18
4904,18
3915,18
3253,18
4185,17
1861,17
1878,17
1993,17
4854,17
4496,17
4505,17
4511,17
5023,17
5102,17
5408,17
3528,17
4535,17
4737,17
4641,17
4271,17
4288,17
4290,17
4299,17
4403,17
4476,17
4921,17
4933,17
4967,17
5319,17
5504,17
4364,17
4366,17
1886,16
493,16
975,16
1064,16
1391,16
1443,16
1509,16
1517,16
1547,16
1553,16
1569,16
1570,16
1572,16
1582,16
1590,16
1596,16
1640,16
1649,16
1652,16
1677,16
1678,16
1681,16
1708,16
1755,16
1759,16
1760,16
1763,16
1774,16
1793,16
1796,16
1818,16
1893,16
1904,16
1940,16
2000,16
2012,16
2014,16
2033,16
2073,16
2074,16
2095,16
2108,16
2112,16
2168,16
2186,16
2190,16
2203,16
2266,16
2359,16
2463,16
2478,16
2482,16
2490,16
2494,16
2583,16
2782,16
3644,16
4907,16
5012,16
5034,16
5106,16
5204,16
5307,16
5598,16
5949,16
3820,16
4839,16
4493,16
4500,16
2832,16
6346,16
4159,16
5492,16
5570,16
6782,16
6968,16
5348,16
5358,16
5771,16
6014,16
2771,16
2495,16
6181,16
6998,16
4914,16
16933,16
16934,16
19860,16
19916,16
19917,16
19918,16
19919,16
19920,16
19921,16
4002,16
4882,16
4884,16
4924,16
4972,16
5041,16
5054,16
5164,16
5265,16
5300,16
5309,16
5314,16
5345,16
5346,16
5351,16
5365,16
5366,16
5372,16
5379,16
5438,16
5449,16
5535,16
5557,16
5591,16
5603,16
5617,16
5622,16
5632,16
5661,16
5666,16
5700,16
5707,16
5711,16
5713,16
5716,16
5718,16
5721,16
5722,16
5731,16
5735,16
5744,16
5746,16
5754,16
5759,16
5760,16
5761,16
5767,16
5784,16
5785,16
5789,16
5804,16
5805,16
5806,16
5833,16
5841,16
5846,16
5867,16
5869,16
5870,16
5871,16
5872,16
5902,16
5946,16
6001,16
6002,16
6003,16
6013,16
4917,16
4938,16
4983,16
5075,16
5142,16
5143,16
5152,16
5157,16
5200,16
5220,16
5288,16
5361,16
5681,16
5734,16
5743,16
5824,16
5859,16
5863,16
6163,16
6180,16
6188,16
2297,16
2299,16
2302,16
2556,16
4516,16
5039,16
5436,16
5461,16
5972,16
6123,16
6194,16
6215,16
6237,16
7071,16
7090,16
7258,16
7261,16
14582,16
16900,16
4097,16
4471,16
5586,16
5588,16
7033,16
3139,16
4510,16
2093,15
3464,15
3880,15
2598,15
1994,15
4179,15
2035,15
2464,15
2381,15
4134,15
5538,15
4857,15
5292,15
2389,15
3819,15
4370,15
3485,15
3672,14
4121,14
3201,14
2001,14
2038,14
4232,14
3655,14
3852,14
2501,14
4317,13
5347,13
2639,13
3035,13
3971,13
4691,13
4897,13
5284,13
5415,13
5539,13
4919,13
6292,13
4443,13
4455,13
3313,13
3909,13
3926,13
5437,13
4652,13
2261,13
4198,13
4423,13
5264,13
5387,13
5673,13
3862,13
3001,13
3598,13
3616,13
3896,13
3953,13
3247,12
3372,12
3527,12
4509,12
4525,12
3189,12
3715,12
3863,12
3871,12
3876,12
3898,12
3921,12
2057,12
2138,12
2142,12
2403,12
2505,12
3543,12
3648,12
3716,12
4309,12
4330,12
4332,12
4688,12
4782,12
4864,12
4887,12
5050,12
5258,12
5262,12
5313,12
5371,12
5385,12
5466,12
5571,12
5602,12
5605,12
5662,12
5694,12
5701,12
5740,12
5792,12
5807,12
5808,12
5810,12
5813,12
5821,12
5857,12
5866,12
5878,12
5909,12
5910,12
5940,12
5941,12
5942,12
6040,12
6119,12
6143,12
6152,12
6185,12
6245,12
6356,12
6387,12
6388,12
6399,12
6409,12
6416,12
6421,12
6422,12
6423,12
6424,12
6459,12
6467,12
6582,12
6587,12
7240,12
7653,12
9947,12
11430,12
11455,12
14522,12
14647,12
14993,12
15837,12
16086,12
16139,12
16140,12
16585,12
16889,12
16951,12
16953,12
19922,12
20086,12
5629,12
4481,12
4593,12
4617,12
4964,12
5011,12
5030,12
3518,12
4780,12
5263,12
5576,12
6364,12
4627,12
4669,12
5103,12
6020,12
6389,12
6444,12
6579,12
7145,12
10557,12
14413,12
14414,12
17008,12
20016,12
20124,12
20125,12
21175,12
21176,12
21177,12
21178,12
5842,12
4569,12
5084,12
4912,12
5048,12
5051,12
4639,12
2641,12
5024,12
6011,12
19887,12
2298,12
2233,12
2609,12
4230,12
4372,12
4376,12
4378,12
4531,12
4574,12
6127,12
6183,12
6202,12
6203,12
6218,12
6340,12
6341,12
6343,12
6344,12
2102,12
2198,12
2304,12
2488,12
2546,12
2767,12
2775,12
5285,12
5440,12
5543,12
5633,12
5653,12
5703,12
5848,12
5950,12
6359,12
6394,12
6397,12
6464,12
6535,12
6537,12
6780,12
6783,12
6787,12
10723,12
2976,12
4347,12
5090,12
5132,12
5144,12
5145,12
5165,12
5173,12
5180,12
5186,12
5187,12
5188,12
5194,12
5195,12
5199,12
5203,12
5211,12
5218,12
5222,12
5223,12
5224,12
5225,12
5226,12
5227,12
5228,12
5229,12
5233,12
5234,12
5235,12
5238,12
5245,12
5246,12
5247,12
5256,12
5257,12
5296,12
5609,12
5777,12
5778,12
5779,12
5977,12
6016,12
6263,12
6523,12
6764,12
6967,12
7031,12
7065,12
7068,12
7087,12
7088,12
7089,12
7254,12
7510,12
7511,12
7512,12
7513,12
7514,12
2241,12
3364,12
3592,12
3593,12
3606,12
4479,12
4498,12
4515,12
4521,12
4529,12
4642,12
4834,12
5065,12
5299,12
5476,12
5488,12
5507,12
5508,12
5513,12
5530,12
5536,12
5547,12
5548,12
5550,12
5582,12
5584,12
5665,12
5937,12
5951,12
6131,12
7795,12
19773,12
19774,12
19775,12
2081,12
2296,12
4310,12
6323,12
2593,12
4556,12
4890,12
4891,12
5396,12
6200,12
3668,12
3990,12
4206,12
4463,12
4466,12
4560,12
4772,12
4986,12
4994,12
5117,12
5565,12
5928,12
5943,12
6091,12
4147,12
4152,12
4157,12
4158,12
4165,12
4167,12
4175,12
4176,12
4184,12
4225,12
4226,12
4233,12
4235,12
4241,12
4242,12
4246,12
4248,12
4251,12
4252,12
4254,12
4262,12
4297,12
4467,12
4518,12
4633,12
4690,12
2671,12
3573,12
5095,12
16696,12
5447,12
5475,12
1939,11
2165,11
3776,11
3790,11
2232,11
2477,11
2318,11
3152,11
3339,11
3479,11
4512,11
4517,11
5079,11
3249,11
4988,11
5205,11
5206,11
5274,11
5618,11
5880,11
5885,11
5932,11
6139,11
6140,11
6230,11
6354,11
6366,11
6374,11
6406,11
6453,11
16903,11
19596,11
20621,11
2231,11
4886,11
5042,11
5182,11
5637,11
3952,11
2349,11
3127,11
3228,11
3546,11
3792,11
2307,11
1825,10
2170,10
1696,10
1864,10
2084,10
2483,10
4029,10
2622,10
3539,10
3826,10
3881,10
3901,10
3902,10
3925,10
3949,10
3954,10
3957,10
3962,10
3969,10
4003,10
4011,10
4016,10
4018,10
4030,10
4037,10
4040,10
4171,10
4274,10
2780,10
5386,10
5695,10
6454,10
6132,10
3801,9
2096,9
2931,9
4898,8
368,8
1680,8
1786,8
1830,8
1840,8
1880,8
1889,8
1962,8
1971,8
1999,8
2019,8
2127,8
2128,8
2129,8
2136,8
2456,8
2698,8
3415,8
3458,8
4312,8
4900,8
4918,8
4974,8
4993,8
5021,8
5060,8
5374,8
3722,8
2900,8
2177,7
2270,7
2408,7
2611,7
2677,7
2696,7
2743,7
2772,7
2785,7
3024,7
3120,7
3151,7
3154,7
3193,7
3216,7
3231,7
3307,7
4177,7
5004,7
5320,7
5384,7
6318,7
3310,7
4566,7
4863,7
4956,7
5322,7
5406,7
5505,7
2284,7
2314,7
3707,7
3816,7
3857,7
3920,7
4163,7
4454,7
4469,7
4470,7
4475,7
4482,7
4486,7
4487,7
4488,7
4492,7
4497,7
4501,7
4504,7
4506,7
4507,7
4541,7
4622,7
4623,7
4635,7
4640,7
4651,7
4700,7
4703,7
4718,7
4769,7
4773,7
4776,7
4784,7
4806,7
4833,7
4836,7
4844,7
4845,7
4856,7
4862,7
4949,7
4677,7
4568,7
5122,7
4968,7
2916,6
2920,6
2974,6
2975,6
2987,6
2992,6
2998,6
3000,6
3061,6
3064,6
3357,6
3371,6
3376,6
4021,6
5022,6
6214,6
1151,6
1293,6
1484,6
1770,6
1839,6
1902,6
1989,6
2034,6
2054,6
2144,6
3652,6
3777,6
4039,6
4247,6
4822,6
4823,6
4838,6
4879,6
4894,6
4984,6
4989,6
5006,6
5283,6
2642,6
4565,6
4906,6
4958,6
5115,6
5176,6
5250,6
3803,6
5109,6
5110,6
5126,6
5135,6
6688,6
6778,6
2729,6
2305,6
4775,6
5974,6
4502,6
5017,6
5921,6
6349,6
6447,6
5018,6
6170,6
3390,6
3391,6
3494,6
5005,6
5080,6
5239,6
5280,6
1578,5
1587,5
1628,5
1636,5
1645,5
1650,5
1655,5
1656,5
1662,5
1664,5
1674,5
1676,5
1679,5
1821,5
1974,5
2225,5
2228,5
2247,5
2301,5
2303,5
2432,5
2487,5
3460,5
3829,5
4762,5
4764,5
5033,5
5074,5
5568,5
4514,5
4981,5
5031,5
5032,5
5056,5
5094,5
5116,5
4080,5
43,4
265,4
344,4
399,4
409,4
451,4
486,4
516,4
539,4
541,4
558,4
560,4
561,4
562,4
581,4
582,4
584,4
586,4
594,4
601,4
610,4
616,4
620,4
627,4
637,4
646,4
648,4
652,4
653,4
654,4
669,4
673,4
676,4
682,4
684,4
685,4
699,4
700,4
701,4
704,4
712,4
713,4
715,4
716,4
720,4
725,4
727,4
731,4
732,4
734,4
738,4
746,4
751,4
753,4
755,4
758,4
760,4
761,4
765,4
766,4
767,4
768,4
769,4
778,4
781,4
784,4
785,4
786,4
788,4
793,4
798,4
799,4
802,4
803,4
804,4
807,4
810,4
812,4
815,4
820,4
821,4
827,4
828,4
830,4
831,4
832,4
833,4
835,4
838,4
839,4
843,4
848,4
849,4
850,4
851,4
853,4
854,4
856,4
861,4
862,4
863,4
864,4
865,4
866,4
868,4
869,4
870,4
872,4
873,4
875,4
879,4
880,4
881,4
882,4
883,4
885,4
886,4
887,4
888,4
890,4
891,4
894,4
901,4
902,4
903,4
904,4
905,4
906,4
907,4
908,4
909,4
910,4
911,4
912,4
913,4
914,4
915,4
916,4
918,4
919,4
920,4
922,4
924,4
928,4
929,4
930,4
932,4
935,4
936,4
937,4
938,4
939,4
940,4
941,4
942,4
943,4
944,4
945,4
946,4
947,4
948,4
949,4
950,4
951,4
953,4
954,4
955,4
956,4
957,4
958,4
959,4
960,4
961,4
962,4
963,4
965,4
966,4
968,4
969,4
970,4
971,4
972,4
973,4
974,4
978,4
979,4
980,4
981,4
982,4
983,4
984,4
985,4
986,4
987,4
988,4
989,4
990,4
991,4
992,4
993,4
994,4
995,4
996,4
997,4
998,4
999,4
1000,4
1001,4
1002,4
1003,4
1004,4
1005,4
1006,4
1007,4
1008,4
1009,4
1010,4
1011,4
1012,4
1013,4
1014,4
1015,4
1016,4
1017,4
1018,4
1020,4
1021,4
1022,4
1023,4
1025,4
1027,4
1028,4
1029,4
1030,4
1031,4
1032,4
1033,4
1034,4
1035,4
1036,4
1037,4
1038,4
1039,4
1040,4
1042,4
1043,4
1044,4
1045,4
1046,4
1047,4
1048,4
1049,4
1050,4
1051,4
1052,4
1053,4
1054,4
1055,4
1056,4
1057,4
1058,4
1059,4
1060,4
1061,4
1062,4
1063,4
1065,4
1066,4
1067,4
1068,4
1069,4
1070,4
1071,4
1072,4
1075,4
1076,4
1077,4
1078,4
1079,4
1080,4
1081,4
1082,4
1083,4
1084,4
1085,4
1086,4
1087,4
1088,4
1089,4
1090,4
1092,4
1093,4
1094,4
1095,4
1096,4
1097,4
1098,4
1099,4
1100,4
1101,4
1102,4
1103,4
1104,4
1105,4
1106,4
1107,4
1108,4
1109,4
1110,4
1111,4
1112,4
1113,4
1114,4
1115,4
1116,4
1117,4
1118,4
1119,4
1120,4
1121,4
1122,4
1123,4
1124,4
1125,4
1126,4
1127,4
1128,4
1129,4
1131,4
1132,4
1135,4
1136,4
1137,4
1138,4
1139,4
1140,4
1141,4
1142,4
1143,4
1144,4
1145,4
1146,4
1147,4
1148,4
1149,4
1150,4
1152,4
1153,4
1154,4
1155,4
1156,4
1157,4
1158,4
1159,4
1160,4
1161,4
1162,4
1163,4
1164,4
1165,4
1166,4
1167,4
1168,4
1169,4
1170,4
1171,4
1172,4
1173,4
1175,4
1176,4
1177,4
1178,4
1179,4
1181,4
1182,4
1184,4
1187,4
1188,4
1189,4
1190,4
1191,4
1192,4
1193,4
1194,4
1195,4
1196,4
1197,4
1198,4
1199,4
1200,4
1201,4
1202,4
1203,4
1204,4
1205,4
1206,4
1207,4
1208,4
1209,4
1210,4
1211,4
1212,4
1213,4
1214,4
1215,4
1216,4
1217,4
1218,4
1222,4
1224,4
1225,4
1226,4
1228,4
1229,4
1230,4
1231,4
1232,4
1233,4
1234,4
1235,4
1236,4
1237,4
1238,4
1239,4
1240,4
1241,4
1242,4
1243,4
1244,4
1245,4
1246,4
1247,4
1248,4
1249,4
1250,4
1251,4
1252,4
1253,4
1255,4
1256,4
1257,4
1258,4
1259,4
1260,4
1261,4
1262,4
1263,4
1264,4
1265,4
1266,4
1267,4
1268,4
1269,4
1270,4
1271,4
1272,4
1274,4
1275,4
1276,4
1278,4
1279,4
1280,4
1281,4
1282,4
1283,4
1284,4
1285,4
1286,4
1287,4
1288,4
1289,4
1290,4
1291,4
1292,4
1294,4
1295,4
1296,4
1297,4
1298,4
1299,4
1300,4
1301,4
1302,4
1303,4
1304,4
1305,4
1306,4
1308,4
1309,4
1310,4
1311,4
1312,4
1313,4
1314,4
1315,4
1316,4
1317,4
1318,4
1319,4
1321,4
1322,4
1323,4
1324,4
1325,4
1326,4
1327,4
1328,4
1329,4
1330,4
1331,4
1332,4
1333,4
1334,4
1335,4
1336,4
1337,4
1338,4
1339,4
1340,4
1341,4
1343,4
1344,4
1345,4
1346,4
1347,4
1348,4
1349,4
1350,4
1351,4
1352,4
1353,4
1354,4
1355,4
1356,4
1357,4
1358,4
1359,4
1360,4
1362,4
1364,4
1365,4
1368,4
1369,4
1370,4
1371,4
1372,4
1373,4
1374,4
1375,4
1376,4
1377,4
1378,4
1379,4
1380,4
1381,4
1382,4
1383,4
1384,4
1385,4
1386,4
1387,4
1388,4
1389,4
1393,4
1394,4
1395,4
1396,4
1397,4
1398,4
1399,4
1400,4
1401,4
1402,4
1403,4
1404,4
1405,4
1406,4
1407,4
1408,4
1409,4
1410,4
1411,4
1412,4
1413,4
1414,4
1415,4
1416,4
1423,4
1424,4
1425,4
1426,4
1427,4
1428,4
1429,4
1430,4
1431,4
1432,4
1433,4
1434,4
1435,4
1436,4
1437,4
1438,4
1439,4
1440,4
1441,4
1442,4
1444,4
1446,4
1447,4
1448,4
1449,4
1450,4
1451,4
1452,4
1453,4
1454,4
1455,4
1456,4
1457,4
1458,4
1459,4
1460,4
1461,4
1462,4
1463,4
1464,4
1467,4
1468,4
1469,4
1470,4
1471,4
1472,4
1473,4
1474,4
1475,4
1476,4
1477,4
1478,4
1479,4
1480,4
1481,4
1482,4
1483,4
1485,4
1486,4
1487,4
1489,4
1490,4
1491,4
1492,4
1493,4
1494,4
1495,4
1496,4
1497,4
1498,4
1499,4
1501,4
1502,4
1503,4
1504,4
1505,4
1506,4
1507,4
1508,4
1510,4
1511,4
1512,4
1513,4
1514,4
1515,4
1516,4
1518,4
1519,4
1520,4
1521,4
1522,4
1523,4
1525,4
1526,4
1527,4
1528,4
1529,4
1530,4
1531,4
1532,4
1533,4
1534,4
1535,4
1536,4
1537,4
1538,4
1540,4
1541,4
1542,4
1543,4
1544,4
1545,4
1546,4
1548,4
1549,4
1550,4
1551,4
1552,4
1554,4
1555,4
1556,4
1557,4
1558,4
1560,4
1561,4
1562,4
1563,4
1564,4
1565,4
1566,4
1567,4
1568,4
1571,4
1573,4
1574,4
1575,4
1576,4
1577,4
1579,4
1580,4
1581,4
1583,4
1584,4
1585,4
1586,4
1588,4
1589,4
1591,4
1592,4
1593,4
1594,4
1595,4
1597,4
1598,4
1599,4
1600,4
1601,4
1602,4
1604,4
1605,4
1606,4
1607,4
1608,4
1609,4
1611,4
1612,4
1613,4
1614,4
1615,4
1616,4
1617,4
1618,4
1619,4
1620,4
1621,4
1622,4
1623,4
1624,4
1625,4
1626,4
1627,4
1629,4
1631,4
1632,4
1633,4
1634,4
1635,4
1637,4
1638,4
1639,4
1641,4
1642,4
1643,4
1644,4
1646,4
1647,4
1648,4
1651,4
1653,4
1654,4
1657,4
1659,4
1660,4
1663,4
1665,4
1666,4
1667,4
1668,4
1669,4
1671,4
1672,4
1673,4
1675,4
1683,4
1684,4
1685,4
1686,4
1687,4
1688,4
1689,4
1690,4
1691,4
1692,4
1693,4
1694,4
1695,4
1697,4
1698,4
1699,4
1700,4
1701,4
1703,4
1704,4
1705,4
1706,4
1707,4
1709,4
1710,4
1711,4
1712,4
1713,4
1714,4
1715,4
1716,4
1717,4
1718,4
1719,4
1720,4
1721,4
1722,4
1723,4
1724,4
1725,4
1726,4
1727,4
1728,4
1729,4
1730,4
1731,4
1732,4
1733,4
1734,4
1735,4
1736,4
1737,4
1738,4
1739,4
1740,4
1741,4
1742,4
1743,4
1744,4
1745,4
1747,4
1748,4
1749,4
1750,4
1751,4
1752,4
1753,4
1756,4
1757,4
1758,4
1761,4
1762,4
1768,4
1769,4
1771,4
1772,4
1773,4
1775,4
1776,4
1777,4
1778,4
1780,4
1781,4
1782,4
1783,4
1784,4
1785,4
1787,4
1789,4
1790,4
1791,4
1792,4
1795,4
1797,4
1798,4
1799,4
1800,4
1801,4
1802,4
1803,4
1805,4
1806,4
1807,4
1808,4
1813,4
1814,4
1816,4
1819,4
1820,4
1822,4
1823,4
1826,4
1828,4
1829,4
1831,4
1832,4
1834,4
1835,4
1837,4
1838,4
1841,4
1842,4
1843,4
1844,4
1845,4
1846,4
1847,4
1848,4
1849,4
1850,4
1851,4
1852,4
1853,4
1854,4
1855,4
1856,4
1857,4
1858,4
1859,4
1860,4
1862,4
1863,4
1865,4
1866,4
1867,4
1868,4
1869,4
1870,4
1871,4
1873,4
1874,4
1875,4
1877,4
1879,4
1881,4
1882,4
1884,4
1885,4
1887,4
1888,4
1890,4
1891,4
1892,4
1894,4
1895,4
1896,4
1897,4
1898,4
1899,4
1900,4
1901,4
1903,4
1905,4
1906,4
1907,4
1908,4
1909,4
1910,4
1912,4
1913,4
1914,4
1915,4
1916,4
1917,4
1918,4
1919,4
1920,4
1921,4
1922,4
1923,4
1924,4
1925,4
1926,4
1927,4
1928,4
1929,4
1930,4
1931,4
1932,4
1933,4
1934,4
1935,4
1936,4
1937,4
1941,4
1942,4
1943,4
1944,4
1945,4
1946,4
1947,4
1948,4
1949,4
1952,4
1953,4
1955,4
1956,4
1957,4
1959,4
1960,4
1961,4
1963,4
1964,4
1965,4
1967,4
1968,4
1973,4
1975,4
1977,4
1979,4
1980,4
1982,4
1983,4
1985,4
1991,4
1996,4
1997,4
1998,4
2002,4
2004,4
2006,4
2007,4
2009,4
2011,4
2015,4
2016,4
2017,4
2018,4
2020,4
2021,4
2022,4
2025,4
2028,4
2029,4
2030,4
2031,4
2032,4
2036,4
2040,4
2043,4
2044,4
2045,4
2047,4
2048,4
2051,4
2052,4
2053,4
2058,4
2059,4
2060,4
2061,4
2062,4
2063,4
2064,4
2065,4
2066,4
2067,4
2068,4
2070,4
2078,4
2079,4
2082,4
2090,4
2092,4
2098,4
2104,4
2107,4
2110,4
2115,4
2117,4
2118,4
2119,4
2130,4
2134,4
2135,4
2146,4
2163,4
2164,4
2172,4
2174,4
2175,4
2178,4
2179,4
2180,4
2181,4
2182,4
2183,4
2184,4
2185,4
2187,4
2192,4
2193,4
2196,4
2197,4
2199,4
2200,4
2202,4
2204,4
2205,4
2207,4
2227,4
2235,4
2239,4
2242,4
2248,4
2252,4
2258,4
2262,4
2264,4
2267,4
2271,4
2276,4
2279,4
2338,4
2347,4
2362,4
2364,4
2366,4
2367,4
2370,4
2373,4
2375,4
2376,4
2385,4
2405,4
2406,4
2436,4
2476,4
2498,4
2504,4
2506,4
2513,4
2514,4
2549,4
2550,4
2579,4
2588,4
2629,4
2630,4
2632,4
2675,4
2702,4
2710,4
2735,4
2758,4
2762,4
2822,4
2836,4
2838,4
2865,4
2866,4
2906,4
2912,4
2948,4
2951,4
2991,4
2997,4
3013,4
3020,4
3027,4
3034,4
3083,4
3098,4
3121,4
3125,4
3141,4
3280,4
3300,4
3354,4
3358,4
3362,4
3365,4
3512,4
3525,4
3549,4
3552,4
3562,4
3602,4
3604,4
3647,4
3650,4
3654,4
3665,4
3695,4
3717,4
3740,4
3869,4
3914,4
3924,4
3950,4
3968,4
4128,4
4136,4
4188,4
4189,4
4192,4
4202,4
4211,4
4367,4
4374,4
4457,4
4458,4
4464,4
4477,4
4567,4
4570,4
4573,4
4576,4
4577,4
4578,4
4579,4
4580,4
4581,4
4582,4
4583,4
4584,4
4588,4
4589,4
4590,4
4591,4
4594,4
4600,4
4619,4
5417,4
4552,4
5112,4
5166,4
5210,4
5381,4
5409,4
5412,4
5512,4
5623,4
5648,4
5793,4
5860,4
6228,4
6242,4
7059,4
21172,4
24778,4
4561,4
5328,4
5413,4
4878,4
4901,4
5158,4
5593,4
6106,4
2649,4
6000,4
2337,4
2360,4
3385,4
6617,4
2605,4
2624,4
4354,4
4396,4
4399,4
4895,4
2703,4
3088,4
4650,4
5255,4
3433,4
2094,4
2628,4
3275,4
3428,4
3430,4
3435,4
3688,4
3710,4
3720,4
3742,4
3808,4
4096,4
4286,4
4292,4
4377,4
5601,4
5780,4
5801,4
5827,4
5828,4
5829,4
5843,4
5850,4
5851,4
5852,4
2167,4
5838,4
5619,3
5620,3
5748,3
5751,3
5776,3
6009,3
2471,3
4150,3
5027,3
5069,3
5479,3
5515,3
5702,3
2618,3
3227,3
3350,3
4057,3
4079,3
4758,3
4973,3
4985,3
4996,3
4997,3
4999,3
5000,3
5003,3
5007,3
5008,3
5321,3
5688,3
5963,3
6395,3
2354,3
2468,3
3079,3
3259,3
3260,3
3263,3
4360,3
4465,3
4632,3
5628,3
4910,2
3426,1
4024,1
4536,1
4794,1
4814,1
4867,1
5002,1
7008,1
5646,1
4484,1
4543,1
4547,1
5067,1
5241,1
2159,1
2344,1
2345,1
2361,1
2499,1
2567,1
3608,1
4193,1
4199,1
4336,1
5236,1
5251,1
5254,1
5259,1
5373,1
5483,1
5592,1
5874,1
6037,1
6219,1
6220,1
6221,1
6222,1
6327,1
6328,1
22766,1
4537,1
4992,1
5304,1
5305,1
5308,1
6335,1
4109,1
4402,1
4433,1
4534,1
4554,1
4559,1
4602,1
4960,1
4976,1
5298,1
5315,1
5402,1
5403,1
5414,1
5460,1
5552,1
5715,1
5764,1
6098,1
6103,1
6142,1
6369,1
6385,1
7190,1
11447,1
15841,1
